"id","name","code"
"00193a4b-4f36-4bdf-a244-77fa4e972df6","Afghanistan","AF"
"001f4189-aaf1-480f-886c-fd9b9fcb7a43","Oregon, US","US-OR"
"011dd482-674e-439b-91fd-ceb4c1b816bf","Monterrey, NLE, MX","MX-MTY"
"01a08c3a-6bae-4ea4-ad2a-f4df52736548","Uganda","UG"
"01a63fcd-3859-45ad-b575-bc933a037dd7","ASCC Miscellaneous, US","US-AKMS"
"01d553bb-49a8-4f24-9fd0-277c4b86abf9","Samoa","WS"
"01eab8ed-c65f-4757-a73a-fa5a8c2268f6","Berlin, BE, DE","DE-BER"
"02995efe-6eae-49dc-8df4-e61be613c33b","Haryana, HR, IN","IN-HAR"
"02f0e0f4-e349-49f7-951c-bc9471678435","Pittsburgh, PA, US","US-PIT"
"030a3b10-5d79-4999-ab15-294b3c67d3b7","Bruxelles-Capitale, Région de, BE","BE-BRU"
"0368c39b-91bb-45ec-b0fb-f9ec0323b956","Cyprus","CY"
"03e52e02-55da-4b18-97fb-93e29b6107de","Puebla, PUE, MX","MX-PBC"
"03e53535-c556-4dbf-967f-f44eb27d0313","Bahrain","BH"
"04483366-cae0-4905-be60-163066f080ca","WECC California, US","US-CAMX"
"044ef840-de7b-45ad-bebe-0ddef1f1c442","San Diego, CA, US","US-SAN"
"0460176e-9c07-4587-805a-e18d448c27f2","Rome (Roma), RM, IT","IT-ROM"
"05535994-f83f-4c09-b0f8-6766d6f4885c","Manchester, NH, US","US-MHT"
"055a2ff4-f312-4235-8292-420166b231c0","Switzerland","CH"
"0594bff4-509b-4209-a851-d2ab06a021fd","Benin","BJ"
"05cdbebb-2e8c-4da9-865d-6ec501760cb5","Orlando, FL, US","US-ORL"
"060f03c8-175b-42e5-a23c-dca6e128a946","Syracuse, NY, US","US-SYR"
"0633307d-317c-4b64-b3df-d2df769857f7","British Indian Ocean Territory","IO"
"067d6d0c-ef48-49e2-adbe-0537eaa19465","Columbia, MO, US","US-COU"
"0690eac6-df17-431e-9443-693de7a58b6f","Davenport, CA, US","US-DAV"
"06ed6a25-f793-4c3d-b79d-6ef6cdb08ad6","South Dakota, US","US-SD"
"071cf004-2125-4eaa-abc8-c0e03dd8de8e","Saint George, UT, US","US-SGU"
"0771a425-7b16-4757-9ffd-eba01742bec3","Cook Islands","CK"
"079bbae6-4f6a-4f1d-b24a-22a2cf7b279b","Elizabethtown, KY, US","US-EKX"
"07bdeb74-42fd-425f-b791-69f3e92bfb9a","Maldives","MV"
"07f908f7-2343-439f-9a7f-6749b1e05443","Papua New Guinea","PG"
"081f21d8-5426-4051-8bdf-66d57fe3546e","Spartanburg, SC, US","US-SPA"
"0820e316-9924-4d5f-b993-c6b4927f092e","Bristol, BST, GB","GB-BRS"
"08702841-c47b-46fc-b301-0935ec903327","Ho Chi Minh City, SG, VN","VN-SGN"
"08851201-e92b-4ab2-be7a-507972d35d31","Macun, HI, CN","CN-MAC"
"08d20e43-f86c-4bbd-ad32-a0cbaca3aed5","North Carolina, US","US-NC"
"08deec9b-c7c5-4418-8eed-53dce49bb89f","Worcester, MA, US","US-ORH"
"09a5f43e-6502-4f75-a1b6-29027c2e939a","Manhattan, KS, US","US-MHK"
"09d87ae0-ff10-4f8c-bfea-7fe3ba8420ef","Jackson, MS, US","US-JAN"
"09e53cf2-41e2-40e6-8c7b-c788dd4eb16c","Portugal","PT"
"0a21c268-afc5-4b31-8b23-fce5882d6c85","Venezia, VE, IT","IT-VCE"
"0ad6c646-de4c-47b0-9f32-de5798ca5fe8","Nadi, FJ","FJ-NAN"
"0b2c5327-bf80-499b-b42a-a62a912d612b","North Macedonia","MK"
"0b794939-3baf-43c4-8625-cf77848db2ad","Austin, TX, US","US-AUS"
"0b842737-5e70-4f77-b84e-a48231be3d20","Ann Arbor, MI, US","US-ARB"
"0b8a3c6e-6d4a-4e6d-bea8-644a1e55b4e3","Isle of Man","IM"
"0be11dbc-0bfb-4794-889c-8ce7a69dde6b","Mongolia","MN"
"0beaf634-5c51-4aad-903a-c0acefc42bf5","Brownsville, TX, US","US-BRO"
"0ca2e754-f5ab-4c22-89ba-df77dd9256a5","Morgantown, WV, US","US-MGW"
"0cb3246e-9964-4dee-8706-c073280e277d","Dhaka, 13, BD","BD-DAC"
"0ccedcc8-d244-401d-8ae3-0705a3273909","Kolkata (ex Calcutta), WB, IN","IN-CCU"
"0d16fb74-50e0-47ce-b4a4-3003c22bfd33","Canberra, ACT, AU","AU-CBR"
"0d3f4cf6-4713-4c4d-95a2-5dc004e370c2","Missouri, US","US-MO"
"0de1f018-2ac9-4429-b8a5-ef5750422a23","Bend, OR, US","US-BZO"
"0eaee1b2-f878-4ca0-8b65-ec5bfb0999d5","Rhode Island, US","US-RI"
"0eca0c4c-ad95-4aa9-82e9-b6b6da9162d7","Poughkeepsie, NY, US","US-POU"
"10023f96-d8af-4167-818c-5e18eba40a86","Europe and Eurasia","EURASIA"
"102e4124-1e55-4db4-8145-eedeb7a24aae","Pensacola, FL, US","US-PNS"
"11eeee13-2ab1-4b60-965e-f3a4066704c1","San Bernardino, CA, US","US-SBT"
"1223330f-6c8d-4774-b552-fe753c7aa5e5","Uruguay","UY"
"1229f36c-96b8-4929-941b-0fa947301487","WECC Rockies, US","US-RMPA"
"12c7eec1-6f5d-4b4d-a622-b934bb278ffd","Hattiesburg, MS, US","US-HBG"
"14359b6e-ff79-419b-a042-1f2d05dfee5d","Colorado, US","US-CO"
"1566ebca-2e54-4004-ae0f-e4a8ce36ad26","Midland, TX, US","US-MAF"
"15f2f93d-3101-4a64-b6ba-fe57d222fe4b","Marshall Islands (the)","MH"
"162ddad3-2b6c-49d6-8911-ba373ea2ad38","Côte d'Ivoire","CI"
"16c225bb-21c9-4ef5-8654-9a313edfd579","Tennessee, US","US-TN"
"178bd7b5-95fa-4f50-8ee9-724dd09a0852","Korea, Republic of","KR"
"18642608-dfd9-4c34-8a17-f41a5cd84595","Falkland Islands (Malvinas)","FK"
"18694f7a-e776-498a-a181-28d0ffd51149","Oceania","OCEANIA"
"193aaa70-d882-4a2b-8f01-b363d2144c00","Kiribati","KI"
"1946421d-a1ec-47e4-8a02-07f9c25e867b","Åland Islands","AX"
"19700753-9223-4416-8f7f-ca88b2df47b5","Bonaire, Sint Eustatius and Saba","BQ"
"19795caf-3e57-4445-bbd8-22f5216dae09","Idaho, US","US-ID"
"1a3581d1-ff0f-461c-82f7-a58b7de7314f","Chongqing, CQ, CN","CN-CQI"
"1a86863c-4c25-4d11-8e92-6cce3e3e3941","Gävle, X, SE","SE-GVX"
"1abd2522-d95c-4c91-9be9-ca2761b6c599","Yuma, AZ, US","US-YUM"
"1b09b178-062e-4d24-a367-42cd25f8eb1f","North China grid, CN","CN-N"
"1b33d591-ea8a-4e5f-b76c-f4792f0bdebf","Egypt","EG"
"1b947e0a-39b7-45d7-a7a4-857549a2a0d2","Cincinnati, OH, US","US-CVG"
"1bc1b1d4-b591-4745-8a3f-ed47230d9b26","Queensland, AU","AU-QLD"
"1bdd9c94-f40a-4af9-93de-41bc57f177ea","Saskatchewan, CA","CA-SK"
"1be968c9-b19e-4264-a3f3-3c2c2eb01056","Viet Nam","VN"
"1c08cf04-7b5f-4325-8aa6-f175f30d85d0","Oklahoma, US","US-OK"
"1c48b519-e00f-4f73-97ec-a68dd3fc88e2","Topeka, KS, US","US-TOP"
"1c9b3015-13d1-47a5-a84c-f4e00ab90eb8","Muscat, MA, OM","OM-MCT"
"1ce7aade-3d6d-4683-8bf1-281a37290489","Guatemala","GT"
"1d9f6d97-40b4-46b0-bdcd-1bc222c77bd9","Malawi","MW"
"1e2c4d2a-4662-43a8-bac3-9aab3759500c","Caribbean region","CARIBBEAN"
"1e663b70-4ee5-4ec8-a12e-aae21779d108","Barbados","BB"
"1e686527-8511-43f5-bf3c-1a3beaf44042","Senegal","SN"
"1edfebb3-2b27-4ee8-8638-a3bc0738d032","Buffalo, NY, US","US-BUF"
"1f2b3c45-1d10-4d27-9949-61ff4a9e562b","Yantai, SD, CN","CN-YAT"
"1f3d71c7-a42b-4db8-bb1c-1c85cd2acf07","Virgin Islands (British)","VG"
"2041dc4c-7796-415c-b19a-3d6be8a62068","Belarus","BY"
"209787b0-74f7-4b34-9f81-ccb56a3a3288","Bangladesh","BD"
"2098cdbf-cf0e-4075-aac3-7a7342942b33","RFC East, US","US-RFCE"
"20e8b34b-077c-457f-bbf8-07fe09ff4517","Tuscaloosa, AL, US","US-TCL"
"2103a666-99de-4e85-82b8-ec93839c2623","Huntington, WV, US","US-HNU"
"21a31593-58de-4b46-b816-4108ef7dab1d","Montana, US","US-MT"
"21eb781a-d467-4136-b4b6-37f8e21502b6","Jinhua, ZJ, CN","CN-JHA"
"22460d26-9bc7-46c0-8114-c8ae56091735","Kingston, NS, CA","CA-KGN"
"224dffec-210b-46e8-b7f8-c6d281ab9ef0","Puerto Rico","PR"
"22c73af5-454a-43ec-b56e-c2029e0d22f5","Central African Republic","CF"
"22ccee68-ac62-49e7-8b40-1cbd2becba6c","Greensboro, NC, US","US-GBO"
"23006687-f106-4899-94cf-e48ce0dc6da3","Huzhou, ZJ, CN","CN-HZH"
"235aae9e-1e19-484e-8163-7fa9c2ce4f7b","Tajikistan","TJ"
"2374992d-a518-41ce-860d-94675c97f2e3","Waco, TX, US","US-ACT"
"238147fc-8b22-4dd7-a5a0-9090853708cb","Victoria, AU","AU-VIC"
"23e5378c-dd84-46e7-852c-b6c92202d953","Syrian Arab Republic (the)","SY"
"241711b9-3756-48d5-a3fa-f065eea71637","Milwaukee, WI, US","US-MKE"
"2417eb8a-4050-45dd-b476-b20ffc17aa68","British Columbia, CA","CA-BC"
"242680a8-ec9d-4bb2-9364-f8d437344833","Harbin, HL, CN","CN-HRN"
"24edb3dd-c650-424c-8260-b36a1bd8007b","San Francisco, CA, US","US-SFO"
"2507e3a0-1c2f-4b5a-bf9e-35887f8ad540","Kansas, US","US-KS"
"2540fd53-8422-4c20-9400-319cc3128adb","Helsinki (Helsingfors), 18, FI","FI-HEL"
"2541af36-0067-4cf1-9548-ceb05ce20fa2","Fiji","FJ"
"25852db2-440a-4ebc-9654-561334ba8c96","Russian Federation (the)","RU"
"25b60f2c-a246-432e-980d-55e0462bfe6d","Calgary, AB, CA","CA-CAL"
"25d3c061-f1d2-49bb-8f8b-7ac99a4569d4","Prince Edward Island, CA","CA-PE"
"260b5309-9022-4a77-8d30-6f19aa27abe1","Minnesota, US","US-MN"
"2628c0ad-2251-4aad-9c6b-1032a6f7e513","Warszawa, 14, PL","PL-WAW"
"26622a25-720e-463b-84f3-8f768aea64d6","Dayton, OH, US","US-DAY"
"2697671f-1a6c-4c0b-8c83-47c79da881b2","Hamina (Fredrikshamn), 09, FI","FI-HMN"
"26a615e8-10b3-44be-9619-6b1822ea0407","Auburn, AL, US","US-AUO"
"26ba91e1-1202-4f73-8b1c-d8bd02dfce63","Oklahoma City, OK, US","US-OKC"
"27007d81-086e-4346-89ba-def2f8e921c0","Columbia, SC, US","US-CAE"
"276c5101-32e3-4247-b3c2-c8aa2ecfb51f","Dallas, TX, US","US-DAL"
"282ca7d9-7906-4442-ac6c-a7ef922d6e2f","Congo","CG"
"28711c0b-a946-4199-b864-0fee03ed1878","Los Angeles, CA, US","US-LAX"
"28e19b2b-4460-49b0-9cbc-24cb8ef3506e","Williamsport, PA, US","US-IPT"
"293bb99d-115e-4c12-a2d6-8329232943c6","NPCC Upstate NY, US","US-NYUP"
"299f58ce-ff84-4a6e-84f4-a205756ce1c0","European Union","EU"
"29cae9f2-8127-4d61-b480-de8162df8b35","Saint Martin (French Part)","MF"
"29dd940e-b98c-42f7-a4de-f26c1ffd4d52","Oman","OM"
"2aa7a1b4-c4e1-480a-bbd6-0e543c658e8e","Chile","CL"
"2aab5e93-02d8-4dd2-8f07-05ef51f16bef","Congo, The Democratic Republic of the","CD"
"2acd4930-f287-42f5-99a4-6455b3beb1e9","Porto, 13, PT","PT-OPO"
"2b0d8fee-2d5b-47a7-8206-4e63b22d876d","Houston, TX, US","US-HOU"
"2b4a589f-ca79-4d53-ab58-8e9c581c9dfa","Lafayette, IN, US","US-LAF"
"2cceb0f3-4d4f-4390-9707-27ed35dc1599","Alaska, US","US-AK"
"2dda5258-81c7-48cc-a39f-268be52c6e03","Malta","MT"
"2df31d1d-81c2-44a1-93fd-e4d074b3b101","Liechtenstein","LI"
"2e0a8460-248b-47c6-a168-c9d50064cb44","Mississippi, US","US-MS"
"2e38932a-7bc6-45df-8b6d-48fb6d731c9e","Leeds, LDS, GB","GB-LBA"
"2ea7e665-6f07-45fd-abcc-370e34ff963a","Zhuhai, GD, CN","CN-ZUH"
"2ed34aa7-6367-46a3-9522-eb6f83bc9c39","Panama","PA"
"2ef2b2b7-75e6-4d87-a904-a9dc5e2a0fa5","French Southern Territories","TF"
"2f37bcb5-97bb-4209-a073-05c747ee4e0b","York, NYK, GB","GB-YRK"
"2fd074b8-8c4b-42e9-b1c3-8b14208f590c","Cape Verde","CV"
"302dade7-95de-4051-a123-7c3906fc52b7","Sioux Falls, SD, US","US-FSD"
"306a351d-1ade-49fe-b5d6-d1ef9108be5e","Northern Territory, AU","AU-NT"
"30c653b8-84e1-4374-96ad-c6d36cb66b73","Nauru","NR"
"314a4ba7-8ab5-4c4b-a0ad-a39827589e0d","Brazil","BR"
"3166aca6-0a2d-4da5-ae39-efc83f7982a9","Chattanooga, TN, US","US-CHA"
"322a7acc-c896-44de-843b-fb79333f14ea","French Polynesia","PF"
"324851f1-7a4d-42d1-8412-f39ef39b5f4b","Algeria","DZ"
"3276e085-8e2c-4659-b1fc-e3eaf72f92c7","United Kingdom","GB"
"32abbc2b-7990-43e7-9141-d0351fc4fd7c","Ko Samui, 84, TH","TH-KSM"
"3385b647-5753-4b82-bf08-9323581cd665","Genève, GE, CH","CH-GVA"
"34117854-3a73-4374-84ac-9d7d3e5a1869","Anchorage, AK, US","US-ANC"
"357948db-980d-46ae-aa3f-64a6f430725b","Changchun, JL, CN","CN-CGC"
"359d2bfd-a54b-41ac-8fc8-a197fe8daf89","Dubai, DU, AE","AE-DXB"
"35a30cf4-dba1-46de-96ff-f8c889d43929","Europe and South America","EU_S_AMERICA"
"35c7e24b-ac87-4492-8837-9ddfd3f9fa4e","Jeddah, 02, SA","SA-JED"
"361c9022-35a8-488f-916a-e0f88818097b","Columbus, OH, US","US-CMH"
"36208de4-9273-4663-9acf-2bf3fe70095c","Gambia","GM"
"3623ba05-e8ae-4fb9-ada9-2b1342e2a602","Denmark","DK"
"365cdb5b-1f2b-43c7-b49a-e224ccf706fb","North America","N_AMERICA"
"36ecdfef-3568-491a-a874-0fbd6bf98fc9","Australia","AU"
"373c27c7-dd7c-4e88-9368-61c6746fa987","Mauritius","MU"
"37887e9a-9085-4685-bbc6-32f75a427412","Bakersfield, CA, US","US-BFL"
"37a33486-3ef5-47c0-b552-b2879e5b5e4c","Jamaica","JM"
"37bf58c2-ff7b-494a-8ecd-310bc351750f","Lancaster, PA, US","US-LNS"
"3849840f-af00-4fe7-8554-243c91999768","Bucuresti, RO","RO-BUH"
"3866bcd2-a7e7-4166-acec-741b5edff13a","Kazakhstan","KZ"
"388186b0-8ff2-4db7-8c98-2158aac807d3","Mérida, YUC, MX","MX-MID"
"38c8cfbc-a0fc-46bc-84dc-45e6cc5fa0c0","Perth, WA, AU","AU-PER"
"38cbaaca-6b64-4964-a80a-bc87fa4e2b14","Toronto, ON, CA","CA-TOR"
"3921ebdc-48ef-4909-bef6-d3ca25fa5301","Pitcairn","PN"
"39252462-77ca-41f7-84ba-67e1ac8d7673","McAllen, TX, US","US-TXC"
"3985c68a-2de8-442a-8633-81f072523808","Mali","ML"
"39d4c2e5-a18b-4ddb-8b90-2ee9bb4ecae8","Atlantic City, NJ, US","US-AIY"
"3a37fee0-ab07-4e04-9595-82ee77de79da","Panamá, Ciudad de, 8, PA","PA-PTY"
"3a53f859-001f-44b5-bd37-21b876f9a76f","Winston Salem, NC, US","US-INT"
"3a55a798-a47a-44dd-8927-8817f2f15e56","Cayman Islands","KY"
"3a7f4d9f-e99c-45ba-ad3c-476eb6f7dad2","Savannah, GA, US","US-SAV"
"3aa6a793-366b-4664-a9da-04fa509f2e57","Réunion","RE"
"3b42c87a-0433-4448-81ba-67e317144eed","Charleston, SC, US","US-CHS"
"3b776d62-5c63-4eec-8ee3-6934e22abc30","Lansing, MI, US","US-LAN"
"3bbd2ee4-dbcf-4296-9e25-f708c9cedbf1","Seychelles","SC"
"3bccf16c-b65e-4b6f-8ce1-3526b1ca754d","Heriotdale/Johannesburg, ZA","ZA-HDL"
"3be7a1a3-35ee-4595-80ad-4c4bfea8e6b1","MRO East, US","US-MROE"
"3c8f81af-9d31-4c39-a429-5b7b3b8566f2","Shenzhen, GD, CN","CN-SNZ"
"3cbe6c93-9b1d-4d4a-ab00-e1174353e003","Equatorial Guinea","GQ"
"3cf7029b-9593-498c-ab27-c556e89f12e2","Trenton, NJ, US","US-TTN"
"3de313b3-0f16-4f60-8fef-5ea585226f77","Rio de Janeiro, RJ, BR","BR-RIO"
"3e0dcbc8-41f7-4549-8995-aacd79983001","Hua Hin Apt, 77, TH","TH-HHQ"
"3e1e9e1c-dce6-4bfc-bc54-026d3987b0fb","Latvia","LV"
"3e2553fb-7187-4dcb-9c16-b55849ea97d8","Cheyenne, WY, US","US-CYS"
"3fb2426b-882e-4116-9e36-80e505db8a71","Lesotho","LS"
"402b4f50-3ab0-4518-ba70-9abd72d38c0f","Andorra","AD"
"4034cd6b-dfc7-4bbc-a9e9-af47fd8dfdff","Martinique","MQ"
"40e10425-36f1-493f-9226-ef31eed6508f","Sydney, NSW, AU","AU-SYD"
"41802c66-48c8-47a6-91fa-21a481316468","New Orleans, LA, US","US-MSY"
"42016356-61c8-4a8c-a05e-1b18245fb939","Punta Cana, 22, DO","DO-PCN"
"42c2a123-1ede-4fc4-b7b9-285c5ba0ccb2","Nice, 06, FR","FR-NCE"
"42de5d68-07c2-4927-a189-fe2579f67aee","Illinois, US","US-IL"
"4314088d-4cd7-4179-87e7-dbe9cdc070ad","New Haven, CT, US","US-HVN"
"433a8169-78e3-4edc-8824-4d319488f9ae","Stockton, CA, US","US-SCK"
"439e2415-cc91-401a-8794-2b4cbcf41578","Beijing, BJ, CN","CN-BJS"
"4514d1b8-a580-4885-8a29-b0766b14c738","Boulder, CO, US","US-WBU"
"457e7fe5-5142-48a8-b12a-b976e0de029d","Guiyang, GZ, CN","CN-GYA"
"460f5f79-c90e-4d79-9398-769a06434d6f","San Jose, CA, US","US-SJC"
"46b90340-32ab-4fe0-89e1-115ac3522faf","Durham, NC, US","US-DUR"
"4746566c-0ed8-411b-9fed-c5b2247414b8","Australian Capital Territory, AU","AU-ACT"
"47857732-9e36-49de-813d-775b72276fd5","Fort Myers, FL, US","US-FMY"
"47fd126d-7534-404b-a43b-9246a0cf240c","Salinas, CA, US","US-SNS"
"4800683e-4cee-4dac-9171-edf8d3bb1ffd","Lynchburg, VA, US","US-LYH"
"48491fb4-ccd1-42d9-bd6f-8c250233d327","Nashville, TN, US","US-BNA"
"4920f0c5-f39d-4119-86df-6fb7122a7243","Richmond, VA, US","US-RIC"
"49db4148-7151-4ce6-bbe5-dac0280ca760","Des Moines, IA, US","US-DSM"
"4a101d49-d406-4219-bd2b-3ec81bf01888","Port Tampa, FL, US","US-POT"
"4a45110a-ed46-43a2-8b7e-3a59dc9f4360","Raleigh, NC, US","US-RAG"
"4b5a0b04-6e32-4647-87c8-3eeca79e2d51","Yinchuan, NX, CN","CN-YCH"
"4b971b17-a2de-47d4-9b2a-be3c07863bc2","College Station, TX, US","US-CLL"
"4c5f7990-6a6b-487d-b93b-a13883bd1568","Augusta, GA, US","US-AGS"
"4d0e5bc2-7eac-4f51-a8fd-14c8eb019382","Gulfport, MS, US","US-GPT"
"4db91a1c-7d79-4426-92a7-fab0430078e9","Togo","TG"
"4ddc4ca3-10a8-4d60-90cc-dd11e4326852","Springfield, MO, US","US-SGF"
"4eef0449-dda8-438b-adb8-577af011b8b9","Israel","IL"
"4ef0d4cb-0830-420f-ae3d-fddd6e381134","Massachusetts, US","US-MA"
"4f047a25-3a90-4b21-bcb9-d866df696f58","Pennsylvania, US","US-PA"
"4f728ab8-e5d4-4af1-b69d-96fdb738d6c8","Playa del Carmen, MX","MX-PCM"
"4f7b354a-b4c5-4679-ada4-c275666b6c98","Querétaro, QUE, MX","MX-QRO"
"500ec644-c8a1-491f-a76b-545a9c8efee0","Wheeling, IL, US","US-WHE"
"5010b1b7-ea66-4b30-8493-c363ec3ae622","Armenia","AM"
"5031eced-360c-455c-bb84-9bf659adf17e","Peoria, IL, US","US-PIA"
"5095717d-7304-44d3-bfe5-067712ca83dc","Grand Cayman, KY","KY-GCM"
"50a3d92d-fa41-435b-bf9f-e8d43aa11fe1","Vallejo, CA, US","US-VLO"
"517d72e5-9a2d-4e3c-b732-96327ea4f697","Köln, NW, DE","DE-CGN"
"5187fe53-0d93-42a2-b488-177d97624eaf","Saitama, 11, JP","JP-STM"
"51e01741-5684-47a0-a36d-b3da0a5ea894","Eugene, OR, US","US-EUG"
"51e3b263-6090-4ac2-ade1-0ecc268cca8e","Costa Rica","CR"
"51f22702-4f62-41bc-9a5e-f20d974ca575","San José, SJ, CR","CR-SJO"
"52468b7e-8248-4bdc-a950-1afb05f66cde","Lakeland, FL, US","US-LAL"
"53ad07e7-695a-4b98-9f86-773f9d79e10b","Duluth, MN, US","US-DLH"
"53d0a7d5-b734-4df1-9ecd-e441df9c9d2f","El Qahira (Cairo), C, EG","EG-CAI"
"53f6770b-5549-478e-8240-bb1c6b3c9331","Madagascar","MG"
"551e68ea-39cf-40b7-8c1f-9ca0b75edd6c","Nigeria","NG"
"5562be3c-5c75-43d5-ae46-d35f57658c1c","Serbia","RS"
"5575dc98-abda-492f-9849-689f32802d52","Sweden","SE"
"55b985e7-eb98-4afa-b6e6-ad3ddf8258f8","Africa except Egypt and South Africa","ROW_WF"
"56178fff-065a-49f2-98d0-8b132f1d7d64","Sioux City, IA, US","US-SUX"
"56a1d6f8-b2b2-4486-bdcc-4c920ade1e41","Saudi Arabia","SA"
"56ce3157-98f0-4cde-9469-4c6299c6d8e9","Kosovo","XK"
"56d5cd55-77e3-4e60-8ddd-9f6ffb512cd5","Gabon","GA"
"5708ee71-43be-4e91-81d5-9cda6c61b556","West Virginia, US","US-WV"
"572050b5-505d-4298-98ed-58d2ef14526c","Kyoto, 26, JP","JP-UKY"
"57e075d6-f212-4023-a9d3-80fffcefa9d9","Pittsfield, MA, US","US-PSF"
"58d58c37-8f23-425d-a387-9306fca87b42","Taiwan (Province of China)","TW"
"58e6422f-cf58-496e-8d8b-bf4bec59e065","Charlottesville, VA, US","US-CHO"
"592e97af-963f-4637-9d20-e78eeaa3c0d1","Bismarck, ND, US","US-BIS"
"596d67fc-4917-4a7e-9139-de23f275cb12","Barnstable, MA, US","US-BB6"
"59a9a0e0-ab0a-44ce-967c-35bc54cfe2ef","Asia and Africa","ASIA_AFRICA"
"59b30068-01bf-4e3b-be03-0e43d11026be","Oslo, 03, NO","NO-OSL"
"59b4972c-df83-4891-ad65-f04e39a16004","Sint Maarten (Dutch Part)","SX"
"5ad47652-0a02-4256-87b3-958a526113ae","Dominican Republic","DO"
"5b1ae8e0-ab23-44f3-8c6f-800c68b3e257","MRO West, US","US-MROW"
"5b3fde46-4feb-4cde-84aa-97723bd8c130","Rest-of-World","ROW"
"5bead4b7-3298-4fbb-8bac-c94187096e25","Peru","PE"
"5bf38e04-2ffd-4128-8294-e508a47040ad","Nevada, US","US-NV"
"5c418c7b-458d-4bc4-ae65-f0278213939c","Wisconsin, US","US-WI"
"5c42b6e2-5d30-445e-b140-fc81650bd1f7","Palau","PW"
"5cdc9fcd-e5fc-4583-841e-3f0173a58ac8","Saginaw, MI, US","US-SGM"
"5d70213f-2594-466e-bd85-2b308f610776","Saint-Ghislain, WHT, BE","BE-GHI"
"5d8a85e9-613f-49a1-9d7d-610bce0d84f5","Greer-Greenville Apt, SC, US","US-GSP"
"5dc598de-a26d-4838-9cd2-0c8b44a7a764","Fargo, ND, US","US-FAR"
"5e3903c9-d684-4be4-b5f6-c39bc1fe04b3","India","IN"
"5efdd68d-591b-4b39-903c-33ed5a7f1d74","WECC Northwest, US","US-NWPP"
"5f93da19-5776-4b77-84eb-df4e3aad885b","München, BY, DE","DE-MUC"
"5f983819-c48f-467b-80fa-54e5df9e2ea6","California, US","US-CA"
"5fc9b015-ecba-457a-b338-208555110e3a","Brunswick, GA, US","US-SSI"
"5fcfd0e8-6ced-4e22-8807-d91e9438be26","Texarkana, AR, US","US-TXK"
"5fec1345-c649-4a42-90ba-5d354a747cf9","Wuhan, HB, CN","CN-NHN"
"603f1919-9974-4ec8-9512-2169ae5de6ab","Avenel/Washington, D.C., MD, US","US-AVW"
"603f41df-6af6-43d2-91e0-6fb7aeece508","Odessa, TX, US","US-OSD"
"604d8959-0528-4ea7-adf7-605b488ff934","Saint-John's, NL, CA","CA-SJF"
"609f0ad0-65f2-4eb2-9692-7527c27af324","Longview, TX, US","US-ZLV"
"60a86e75-2141-4a3e-a3d2-d009f7078150","Croatia","HR"
"60ac8172-43ae-4886-8681-211fe05eaf1f","Middle East","MIDDLE_EAST"
"615ac4e2-e9ba-4e51-a7e8-dad7f7c86267","Corscia, 2B, FR","FR-OIA"
"61e90f8d-2bdd-4345-a939-42865d90c7a4","Africa","AFRICA"
"62877964-0bab-4d15-911f-4bc39a07c2d0","Wallis and Futuna","WF"
"62f0f72f-5fa4-46b5-84bb-ed9f0fd4c810","Belize","BZ"
"63091725-7604-46e6-820e-b98ffb34213f","Santiago, RM, CL","CL-SCL"
"630d7e78-aba7-4ec6-b8fe-b833d4f4b85b","Estonia","EE"
"6321c84d-e937-4fe0-8341-9826cca1fd6e","Finland","FI"
"63879b4b-c2b0-4327-af59-ef873739af8a","Tokyo, 13, JP","JP-TYO"
"6434516a-9be2-4ff5-a49f-4ca5f73791c1","Abu Dhabi, AZ, AE","AE-AUH"
"6521f11e-843e-4c94-b1ad-4e1762e8de6f","Macao","MO"
"65a2deae-d8ab-4698-9d05-0aa9c8fdccaa","Kenya","KE"
"65a7a2c5-6d15-41c7-8521-ecf3f8146de2","El Salvador","SV"
"65efceae-8ea7-46e3-a3d3-68346f119a34","Pune, MH, IN","IN-PNQ"
"66071098-c2a6-4cf2-9d7f-4ea182a0dd56","Sri Lanka","LK"
"664ba166-f597-495e-b501-f17077a73a63","Corse-du-Sud, FR","FR-2A-FR-2B"
"664bfe29-2b27-4eed-b484-6ce9230276fa","Wilmington, NC, US","US-ILM"
"66636d2b-fcd0-45c6-be78-31280d358564","Evansville, IN, US","US-EVV"
"67b88597-9d7b-46c6-a521-368c206160cd","Winnipeg, MB, CA","CA-WNP"
"687e1198-53b0-415e-a184-003528884009","United Arab Emirates (the)","AE"
"68b2998f-43ac-4c1b-ba9a-1a31b4d8952e","Connecticut, US","US-CT"
"68e6e407-3d08-4b3b-a08f-de26c761e0f1","Knoxville, TN, US","US-TYS"
"69028cd8-b615-4b95-9a66-bef90d32ca35","Pakistan","PK"
"69030269-9f81-42d0-94b9-8aa150a48965","Michigan, US","US-MI"
"6905372e-e3e5-4643-ac96-f8d3524dab3e","Czechia","CZ"
"69fe0256-8d8a-4206-b433-30354652a568","Bhutan","BT"
"6a3eda00-b100-495d-85da-7df975dc4cb9","Kuwait","KW"
"6a6feaa7-9252-42d0-b134-e36974ab1949","Belgium","BE"
"6a9d740c-06ac-4606-b4e8-94f50aeb1b3e","Mobile, AL, US","US-MOB"
"6aad9e67-e356-4adc-9349-27c978a806d1","Xiamen, FJ, CN","CN-XAM"
"6ad940ec-e288-4d09-8715-a77e81e2d9e1","Corpus Christi, TX, US","US-CRP"
"6b24262a-d3f7-4161-8f42-7e2db0f8cce5","Tucson, AZ, US","US-TUZ"
"6b9aa91d-bdf9-4869-970e-79393729b68b","Turks and Caicos Islands (the)","TC"
"6c0f5274-4c76-42a8-a7d1-c088c16a88f4","Aberdeenshire, GB","GB-ABD"
"6c1bbdd5-100c-4de0-bbb4-33a489780842","Wyoming, US","US-WY"
"6d1e9062-42f0-4ced-8c41-2fee76e990fe","Honduras","HN"
"6d70dd60-8373-4fce-8af0-f01e76c639ed","Nunavut, CA","CA-NU"
"6e09bfad-1507-4ec4-b701-e1067fe4da9e","Aruba","AW"
"6e223beb-0611-480c-9c5c-309734994404","Myrtle Beach, SC, US","US-MYR"
"6e8c1f8c-2cb5-4f07-949c-e0f21e9cea1d","Sanya, HI, CN","CN-SYX"
"6ebac529-33de-44d8-9916-93ffbe044ffd","Youngstown, OH, US","US-YNG"
"6efef37d-3d30-461f-945b-43c03cb3b113","Eau Claire, WI, US","US-EAU"
"6f8be2f9-7a25-4f90-bc23-d29af1df0b51","New Taipei City, TPE, TW","TW-NTC"
"6fb7c4e4-687d-4582-abfc-3b048307820a","Goa, IN","IN-GOI"
"700e29e3-127b-4e0e-982a-cbf6faf8062e","Seoul, 11, KR","KR-SEL"
"70159bd8-d373-4578-8fa8-b00463102c31","Chicago, IL, US","US-CHI"
"701e362e-d7e0-4c6e-8a5e-811202b1189c","Edmonton, AB, CA","CA-EDM"
"7039f3e0-d385-4522-a25f-47fcc25f0623","Philadelphia, PA, US","US-PHL"
"70d36397-5cd2-426b-9788-7e23db0aec72","Leipzig, SN, DE","DE-LEJ"
"7173ca60-85be-4bef-a7d6-1104d12feeb2","Suriname","SR"
"7179d7a6-dc1e-495f-a3c4-59d87b17c276","Waterloo, IA, US","US-ALO"
"723a49e7-9c24-4bf1-99e0-21364a8fec0a","Tyler, TX, US","US-TYR"
"724e12d9-c4ec-4477-b1a3-eb00eefe3f61","Mauritania","MR"
"729d2440-cea7-409e-a42e-0297d12998a8","Dongguan, GD, CN","CN-DGG"
"72cc8b6e-e6c0-402f-a616-984566b55766","Greenland","GL"
"72d300d2-d972-4b56-9743-d7bce89b231c","Puerto Rico Miscellaneous, US","US-PRMS"
"72d42d99-be29-477e-ade5-8d8826e42f8a","San Juan, PR","PR-SJU"
"734eba8d-d008-42d7-ae10-5e1d7e53cbf2","Ahmedabad, GJ, IN","IN-AMD"
"73656372-ca77-48e7-9e96-74e0e7747638","Sacramento, CA, US","US-SAC"
"73fb5e90-25e7-4393-b02b-9d1226939eae","Budapest, BU, HU","HU-BUD"
"7456a0f9-2c05-4e24-b31c-3880d0c0d19b","South Africa","ZA"
"7499ea65-08bc-4d9d-ad02-7f83cf084184","East Europe and Iceland","ROW_WE"
"74a2e5e0-94e4-4c4c-bf26-22c82139d434","Saint Lucia","LC"
"74cd955a-0e2e-4c16-a6a1-4b40d5ac63ce","Cartagena, CO","CO-CTG"
"74d59a28-5a02-4685-961b-791faea16800","Niagara Falls, ON, CA","CA-NIA"
"74e89a2a-2b6a-476c-bcca-dc516a0d0090","Alberta, CA","CA-AB"
"7523bdd5-a387-43bd-bba4-0a3e93941831","Iowa City, IA, US","US-IOW"
"75b097bd-2fed-4d0c-afa3-5dfd34df6f42","Birmingham, AL, US","US-BHM"
"75da15c0-93fe-4288-b3c8-ed0d89665cd2","Texas, US","US-TX"
"75db08c4-ec1d-4f0c-a412-ca4bc6bf8f44","Lexington, KY, US","US-LEX"
"7626b87e-067a-4655-a2de-0df6a2b8935d","Dothan, AL, US","US-DHN"
"763744d0-48a9-423c-8622-cd9e02873b4c","Fayetteville, AR, US","US-FYV"
"766454d1-6b87-4a8e-b02f-d22c5dcff467","Roanoke, VA, US","US-ROA"
"76a87c81-eaa0-44f4-b473-f1d7eab932d1","San Marino","SM"
"76d3d8a7-6da1-4dd2-8913-e551191167d2","Comoros","KM"
"77c784fc-3aaa-4d74-91fa-77dc7074b59e","Hong Kong","HK"
"77d4bc32-8fa0-421a-be3e-08bbefbf0631","Other Asia","OTHER_ASIA"
"7947628f-3ce7-4802-be50-0066aafe1163","Bolivia, Plurinational State of","BO"
"79958852-809d-4b7d-8fdf-01c00ebe794f","France","FR"
"79a2c6e0-eb8e-4927-adb8-ddf7a29db73c","Montenegro","ME"
"79c49eff-2036-4cd0-85ad-9cc05a7b7079","Gibraltar","GI"
"7a322121-d4d5-452f-bd41-5a3dcfd78d89","Guam","GU"
"7a8ce9b7-8aac-4354-bfd2-f7ed88ff60ad","Nagoya, Aichi, 23, JP","JP-NGO"
"7a93facd-bdff-4e34-93b9-eb7f70bdae1e","Italy","IT"
"7ac0a967-ead6-47a9-8558-630115000f1d","Jersey","JE"
"7ac842b6-a08a-4c61-b74d-a3f1dae4281d","Eritrea","ER"
"7b4257ba-3814-4c24-b300-5241d0782250","New Jersey, US","US-NJ"
"7bc08e4b-c184-492b-911d-0d8e89079e36","Kalamazoo, MI, US","US-AZO"
"7be6530d-fccb-47a1-9e4a-87abfcbd1034","RFC West, US","US-RFCW"
"7c0eb09c-a870-495f-8c91-76a24b057f69","Salt Lake City, UT, US","US-SLC"
"7d3f9b2b-6474-4804-9f82-ac3433f97478","Milano, IT","IT-MIL"
"7d419cea-5648-4d46-885d-78e1bd078fea","Grenada","GD"
"7d743e62-3df8-4a16-9bf8-1a7f9b53b85b","Huntsville, AL, US","US-HSV"
"7df096b7-789f-4e20-9a3e-eb1d9583c3f3","Hartford, CT, US","US-HFD"
"7df5ae21-a01f-4c44-9a07-bde6d3fc54c5","Alabama, US","US-AL"
"7e0d18f1-5c3b-4f37-a48d-b175908f16a0","Phoenix, AZ, US","US-PHX"
"7e4c5784-603c-4bee-8a30-b2e2267ed331","Düsseldorf, NW, DE","DE-DUS"
"7e7c57ca-c8cb-443e-ae53-e98b87dc33f0","Papeete, PF","PF-PPT"
"7ecc0db9-cd29-4c9b-81b8-f47e3c3aed71","Ventura, CA, US","US-VNT"
"7f59a80a-7e81-4d9a-8c67-dc5705505b29","Portland, OR, US","US-PDX"
"7fb124c0-9411-4578-83f7-fdad636ce148","Cedar Rapids, IA, US","US-CID"
"808d69c8-5327-404e-9611-f9def74411d7","Cuba","CU"
"80dda2ba-b3d5-479b-a53f-ba9cd0840f89","Virgin Islands (U.S.)","VI"
"82490e98-04d3-414e-a264-23d7c3df04be","Rochester, MN, US","US-RST"
"8296c1df-591f-4801-a6c8-93424a4a36cd","Lake Charles, LA, US","US-LCH"
"8425a98d-992d-49b2-bcb2-7a3998316852","Pattaya, 20, TH","TH-PYX"
"8495558d-6854-4f53-9196-413f05038a76","Guatemala City, GT","GT-GUA"
"84f9c0ea-007e-45a6-ac4d-60bfe26e8d55","New York, US","US-NY"
"854d11d6-f13f-4901-8cfb-ae71994d060e","Timor-Leste","TL"
"856522dd-0833-4654-8872-633fada0db89","Florida, US","US-FL"
"858916c4-8721-426b-81ed-ffbd5ee66068","Florence, SC, US","US-FLO"
"85bfef99-1512-4cd3-a334-adb963a5a203","Fuzhou, FJ, CN","CN-FZH"
"85efe463-16bc-49b2-aa5e-9a86d1d95c68","Nebraska, US","US-NE"
"85f6b7bb-3cc1-4c3a-a322-59939283c014","Montreal, QC, CA","CA-MTR"
"8638e1ed-b918-4d30-a932-b1ee0cc0efc4","SPP South, US","US-SPSO"
"86fd3115-2f53-4f7f-87db-75b0f860797f","Kunming, YN, CN","CN-KNM"
"8850166c-e05a-4cd4-80c0-d15aaecc0818","Lubbock, TX, US","US-LBB"
"886e3493-7c52-49d3-8883-b468a052daa2","Bloomington, IL, US","US-B2L"
"8886cc17-0012-40ab-be6d-d76c5d30a86e","Bloomington, IN, US","US-BMG"
"8bc57cb3-7309-403e-adae-0ebee2cc87fc","Phuket Customs House, 83, TH","TH-PHK"
"8c2ca6f5-97d2-43a5-ad08-8a7bebceee8d","Destin, FL, US","US-DSI"
"8c61347e-e7a4-4ddb-b048-b68474546969","NPCC New England, US","US-NEWE"
"8cb76d5f-b355-4455-a80d-0b0c93250a6b","Mozambique","MZ"
"8d16ea8d-b2c1-4771-88f3-5408d630f1f8","Christmas Island","CX"
"8d32fca1-04f9-4031-8079-204590fa6582","Wichita, KS, US","US-ICT"
"8d5a6a3e-3860-4b27-b48b-edb64572571e","Toledo, OH, US","US-TOL"
"8d8339e4-bfd0-48d4-a436-d7ef4a50b029","Jacksonville, FL, US","US-JAX"
"8dd035c5-7dfb-4984-ad74-31494480473f","Tianjin, TJ, CN","CN-TNJ"
"8ebfe2f0-ae67-4e43-ab8d-3a0dec1ad8d1","New Brunswick, CA","CA-NB"
"8ef406a8-428d-46ed-a355-bf54309c21d1","Western Australia, AU","AU-WA"
"8f5a9335-9e76-4ac1-a441-4a30ca8d1991","Nanchang, JX, CN","CN-NCH"
"8f6d1a2f-28a8-4cbc-b499-bd6dd895ae84","Springfield, MA, US","US-SFY"
"8f738ba2-2ff8-400d-add7-dcf1da9d7451","Athínai, I, GR","GR-ATH"
"8f7abf6a-3ba6-44ca-bada-a0c878540a7a","Zimbabwe","ZW"
"8fea9d3c-74ae-4a59-97b1-e6d678922510","Ukraine","UA"
"90db1057-588f-48cb-97df-c31d90799e33","Nepal","NP"
"91597de2-ea78-4f25-9d55-d04abd282183","Puerto Vallarta, JAL, MX","MX-PVR"
"91f13acd-f12e-4c05-8a9b-7bf8abc8b419","Mexico","MX"
"92e29066-4b69-47d3-9628-6f87398e3455","Santa Cruz, CA, US","US-SRU"
"92e5c5ff-8aa2-4522-b072-8ff455b6af53","New Mexico, US","US-NM"
"930f11ed-7320-41f5-ab5d-58051860ddfd","Dominica","DM"
"9315cc1c-47ce-42c1-a53f-51be0a2f29de","Charleston, WV, US","US-CRW"
"934938d2-500d-42e9-aa34-40ad287e00cd","New Caledonia","NC"
"935337db-5caf-4a65-b46d-c658b2f45930","Quebec, QC, CA","CA-QUE"
"9470c62c-8cf9-4a95-9fe1-65559220cd9a","Niles, MI, US","US-NLE"
"9474d09e-341d-41fe-b5e5-5799286c108f","Austria","AT"
"948f3f14-5efe-4ab0-aa07-0555ce318254","Hyderabad, TG, IN","IN-HYD"
"95cb917d-d5b3-4fa9-ba18-3a09cef4550a","Harrisonburg, VA, US","US-HBV"
"976dbe3c-50ec-47a8-84d3-5102f9d3ed5e","Lao People's Democratic Republic","LA"
"9784a356-df13-4505-b32a-63c46fd5761a","Somalia","SO"
"982b03f0-6e7a-4d84-9734-95bf75a9a972","Lisboa, 11, PT","PT-LIS"
"9856d0fe-9008-4c07-ba68-16acb2abbda0","Boston, MA, US","US-BOS"
"98572265-34d7-4357-8c91-c23e91116387","Frankfurt am Main, HE, DE","DE-FRA"
"98708984-9127-4e97-9341-3d1fa6836e5e","China Southern grid, CN","CN-S"
"9993db57-5e58-45cc-84d6-0e7162fcdc9f","Kennewick, WA, US","US-KWC"
"99d41d52-3640-447d-ad9a-eb1451d3236d","Hefei, AH, CN","CN-HFI"
"9a71b047-4617-4f70-9156-cfd834d1b235","Edinburgh, EDH, GB","GB-EDI"
"9a84650f-60e3-41f5-8be4-4b3b5ecbf313","Grand Rapids, MI, US","US-GRR"
"9b068fe0-9f6b-4c8d-b4c4-17642d32d169","Georgia","GE"
"9b30e2aa-a04f-4716-aba2-df9055c1d5f1","Nanjing, JS, CN","CN-NJI"
"9b7a01ba-11ab-48a3-8e91-691400f52885","Western Sahara","EH"
"9bc11a65-34c7-46af-b812-581218633779","Doha, DA, QA","QA-DOH"
"9c51016a-0cd4-4ff7-a63b-36a255614be7","Rwanda","RW"
"9db79815-a02c-4b31-8281-2d15e3b0e14e","Maryland, US","US-MD"
"9dd94a34-b244-42d8-bef0-d877c84e2fda","Changzhou, JS, CN","CN-CZX"
"9e4f7579-cf2a-45d9-b792-f2b1143bb0f2","Baltimore, MD, US","US-BAL"
"9e6814e4-2d1d-4668-87c1-9620f53ecb05","Stockholm, AB, SE","SE-STO"
"9ea995d0-8cef-4b80-beed-d6a95209a2b2","Asheville, NC, US","US-AEV"
"9ee7b8a7-56dd-475a-b0dc-0427e4d524fe","Botswana","BW"
"9ef5e065-743a-461c-9f78-4db9cec63fab","Memphis, TN, US","US-MEM"
"9f1aad63-e488-44b4-8ec6-201254f47c11","Phu Quoc, VN","VN-PQC"
"9f79f63a-4e14-4ea4-878a-7e5d14f5e599","Tanzania, United Republic of","TZ"
"9f85aa94-3c52-4689-981f-ae67478bbaf5","Surabaya, JI, ID","ID-SUB"
"a0370a90-b490-4620-8a42-f3423a978504","Da Nang, 27, VN","VN-DAD"
"a0d25af4-ac98-407f-a41b-869cfd66c9ac","Moncton, NB, CA","CA-MNT"
"a0d6ced5-6879-4724-b12e-93a5bbac252e","Daytona Beach, FL, US","US-DAB"
"a19dded6-00aa-42a3-953f-8e44a8e82f55","Indianapolis, IN, US","US-IND"
"a1ee7796-4761-41c9-adeb-b0b53d428723","Azerbaijan","AZ"
"a207ae53-7ee4-4a2a-ae2d-f5de4f955f1f","Niger","NE"
"a3009ea9-ea73-4197-a661-d682e17de94a","Akron, OH, US","US-AKH"
"a347c91e-d5d4-43ec-a1dc-d199cb12f239","South Bend, IN, US","US-SBN"
"a38f710f-8068-41bd-9309-1f804e5ec5e7","Buenos Aires, C, AR","AR-BUE"
"a3b702d4-0455-49e4-a71b-adc6dc8d9b12","Barcelona, ES","ES-BCN"
"a3b858ae-7d6d-4d82-b93b-f02c9b94e045","Fort Collins, CO, US","US-FNL"
"a3db3284-8a77-4afd-9ecb-14331041553b","Lebanon","LB"
"a3f9541f-cd09-48d3-bea1-40d51a2ecc02","Angola","AO"
"a4041275-f441-43c7-9dde-4cfcc98262bc","Detroit, MI, US","US-DET"
"a46eff98-6ed6-41c0-941a-80ab19dc0abf","North Dakota, US","US-ND"
"a4b091f8-8dae-49c9-ac2d-7434c14a1b67","Valencia, ES","ES-VLC"
"a4e70ec6-5efb-4d6f-88a0-1f5361b8129b","Rochester, NY, US","US-ROC"
"a54a8c6f-e7a9-460c-a932-7e77a7941ca3","Germany","DE"
"a5583771-b68d-40b5-99aa-a7d0e03c3aaa","Canada","CA"
"a570b1e5-8bdb-4d48-9119-e6ed1959f113","Bermuda","BM"
"a6078d30-8797-494a-80ea-710fbf3c3b04","Palma de Mallorca, ES","ES-PMI"
"a627ce4e-cc5f-4dc4-a261-ec25618e89dc","District of Columbia, US","US-DC"
"a66e876a-5116-41c5-8f17-dcf9b968f8a1","Little Rock, AR, US","US-LIT"
"a6794884-fb37-44c7-96be-36425f094b14","Morocco","MA"
"a685474a-e5de-4d22-9299-c893da220d80","Boise, ID, US","US-BOI"
"a693f9ec-21e5-4aba-8144-c2f409f58617","Miami, FL, US","US-MIA"
"a7017c22-1bfd-41a3-89a0-8cf1269077c5","Indonesia","ID"
"a70b4eab-b7b0-4e90-8c9c-3d2a97958a49","Uzbekistan","UZ"
"a73bb03e-4756-4052-a48d-8b6373080fbc","Osaka, 27, JP","JP-OSA"
"a751a007-37ad-4eb3-9ccc-06c0918a8286","Slovenia","SI"
"a85c6d23-ad69-401b-af7b-46754d9ae114","Napoli, NA, IT","IT-NAP"
"a8a9f124-2fd7-4b31-9fa0-5dc3ebe34f19","Fayetteville, NC, US","US-FAY"
"a9bc1777-75fd-4357-86eb-18155f701b70","Flagstaff, AZ, US","US-FLG"
"a9e63f38-5e69-4ebb-99be-75c5df8fe946","Washington, US","US-WA"
"aa645295-1230-4725-b45b-c52ceec981ac","Latin America","LATAM"
"aa807d02-c3cd-4fdc-a4e5-4e0d77c0d414","Iceland","IS"
"aaf97682-8050-4b23-af81-c6632d051287","Iran, Islamic Republic of","IR"
"ab16d326-84ce-46ed-92cf-c1b2735125b7","Allentown, PA, US","US-AWN"
"abdacfe5-da49-4147-86ee-2f2fc2c79659","Santa Barbara, CA, US","US-SBA"
"adcb9e30-1169-4b6c-b707-c7fb5a35df6b","Temple, TX, US","US-TPL"
"ae5af7ed-4d26-444a-8777-c68da4f9b01a","Huizhou, GD, CN","CN-HUI"
"ae7594ce-3e82-4b86-840a-25ffa7bc8b0a","Burundi","BI"
"ae999a95-7c3c-4e20-a9b7-d1bea70528e6","SERC Tennessee Valley, US","US-SRTV"
"af1a7687-93ac-487b-958a-6e71b0b69bde","Champaign, IL, US","US-CMI"
"af1e2937-1907-4c56-8b97-9d12596d4148","Puerto Rico (see also separate entry under PR), US","US-PR"
"af6a5774-3bc7-4b80-863c-52bdae7630d9","Hangzhou, ZJ, CN","CN-HAZ"
"af864522-bed3-43be-a174-4b4e82527ab6","Hong Kong, HK","HK-HKG"
"b0b2155d-0400-41cb-9439-e878c7078796","Eswatini","SZ"
"b0cdf0f5-4a02-4108-8b93-362b4b0bc812","Albania","AL"
"b19c5cd3-aff1-4aec-b049-3fec28a37988","Kochi, KL, IN","IN-KOC"
"b1ae4b55-5694-4654-860f-d0493de6eb7c","Hong Kong SAR, CN","CN-HK"
"b1af9fd7-d9e6-4a0f-83ca-9e6087137587","Regina, SK, CA","CA-REG"
"b1ea425e-78d1-440c-93bd-ede4d4accf8e","Quanzhou, FJ, CN","CN-QZL"
"b289eb94-1f17-451c-a94a-b3496d9594fa","Vancouver, BC, CA","CA-VAN"
"b29f77ad-8465-4835-bfa0-67d0ed3e3640","United States Minor Outlying Islands","UM"
"b2e901cd-394b-41d8-bf72-5423138e27ce","Shanghai, SH, CN","CN-SGH"
"b3713f1f-d32e-4bcb-b3be-832e8b525568","Saint Vincent and the Grenadines","VC"
"b3ad8791-87af-48f2-89fc-0491b0b6f8bb","Reno, NV, US","US-RNO"
"b3bc8230-a55d-41ba-91b3-2006a9af28eb","Guadalajara, JAL, MX","MX-GDL"
"b4391adc-cd0a-4e8e-87b0-a67022e2a148","Spokane, WA, US","US-GEG"
"b43ec87f-d7cd-47c1-9483-abf58b24c582","Libya","LY"
"b452f034-5510-4cec-ad2a-aed328dbdfc5","Eemshaven, NL","NL-EEM"
"b45a5f35-766f-4d59-9015-e8515d225647","Palestine, State of","PS"
"b4b214c3-8c8e-4792-ac68-0abc46919219","Saint Barthélemy","BL"
"b4b7effa-80f4-4180-9fed-94b9402dd809","Hannover, NI, DE","DE-HAJ"
"b5849cca-bf85-4a30-982f-64093f75cbc9","Ecuador","EC"
"b5decf41-66da-40e0-b70a-414350ae9161","ASCC Alaska Grid, US","US-AKGD"
"b5e6474e-a85f-443f-be14-ea6ef24ddc10","Montgomery, AL, US","US-MGM"
"b5ea3bf9-2d60-4d24-a907-63d32d836916","Bosnia and Herzegovina","BA"
"b617b15e-2a28-4f5e-8da6-8d68c62184f9","Delhi, DL, IN","IN-DEL"
"b6309a60-38d6-44ba-928d-47d7d4795b7b","Manitoba, CA","CA-MB"
"b6948234-a445-40ef-b0d9-93cb3aee8d46","Reading, PA, US","US-RDG"
"b6acaf4c-2ea1-4d76-b2c2-6e2adc0f60b0","Langkawi, 02, MY","MY-LGK"
"b6b6cc2b-418c-4056-a97d-609e31a7d7c5","French Guiana","GF"
"b6b72b95-2e2f-4d01-83a1-a8ae5e3e38d9","Delaware, US","US-DE"
"b6b7f218-8945-4877-ac1d-0145a57f3df7","Villahermosa, TAB, MX","MX-VSA"
"b6cfd070-e31a-458b-b788-71043c7e2684","RFC Michigan, US","US-RFCM"
"b718edd7-f3b8-4e7d-9f8e-018589a1d851","Western Europe","WEU"
"b7c532ae-2810-467c-aaf4-9c6fdc9a20c4","Colorado Springs, CO, US","US-COS"
"b7dd4046-993f-4471-abc5-af39987cd894","Bandung, Java, ID","ID-BDO"
"b7dfa092-43f1-44b2-8dbb-18072bfc5d35","Türkiye","TR"
"b80f3a8c-232e-4375-a6b4-3aff929045d1","Changsha, GD, CN","CN-CNA"
"b87c9248-2539-470d-a52a-0b2699b7b2e3","Makkah, SA","SA-MAK"
"b9167967-8dd5-440e-a59c-fbec13a2d8e2","Rocky Mount, NC, US","US-RWI"
"b94f150b-3044-4103-9094-9e4b1f924130","Glasgow, GLG, GB","GB-GLW"
"b99e71a8-1f81-46c6-973d-319a6385b724","Albuquerque, NM, US","US-ABQ"
"b9ac9c9f-5197-4bd8-bec1-61934be2656e","Namibia","NA"
"ba88a5c2-76ac-4cc5-a747-8fb9a793ea22","Guadeloupe","GP"
"bad5d250-dc4d-4da9-94bd-202fbf7dd918","Las Cruces, NM, US","US-LRU"
"baf56a07-deb3-4b16-a03b-758056fba4a8","Saint Louis, MO, US","US-STL"
"baf7e983-c0b1-402f-b996-c1c0e5798e1e","Nova Scotia, CA","CA-NS"
"bb0e0f7f-fc93-482d-93ed-3f035c297066","Venezuela (Bolivarian Republic of)","VE"
"bb2cf531-3459-46fe-b5e4-428b94549200","Svalbard and Jan Mayen","SJ"
"bb5b74cc-d237-41fe-bb87-403d34ab243d","Green Bay, WI, US","US-GRB"
"bb899449-3ac4-4c9a-af6a-bc8e502bbcdd","Zhenjiang, JS, CN","CN-ZHE"
"bbf530fc-3f28-48b5-aba8-e16577800ac9","Beaumont, CA, US","US-BUO"
"bbf7876a-2583-452d-8cba-09da81932050","Japan","JP"
"bc1ab224-b610-4996-83b8-b3c72900aa95","Lithuania","LT"
"bc903695-602b-4482-b07a-a1219bc39ac3","Scranton, PA, US","US-SCR"
"bc9c47ad-625a-4a80-a63b-e10d22c90ec8","Chennai (ex Madras), TN, IN","IN-MAA"
"bd9ee79b-9dac-4c1d-8634-f04a22efc57d","Ireland","IE"
"bda62a46-8a5d-43f8-807d-48639359cc58","Atlanta, GA, US","US-ATL"
"be86bdea-cc6c-4324-a5d5-b8f2af4859aa","Saint Helena, Ascension and Tristan Da Cunha","SH"
"bf49134d-1b98-487b-ae01-124861060e33","Dublin, IE","IE-DUB"
"bf880a24-b0f7-4a72-9d44-06811d287213","Tallahassee, FL, US","US-TLH"
"bfcbee94-970f-4954-818c-7984641133c9","ERCOT All, US","US-ERCT"
"c002f032-36b2-48a2-82ee-9dcb4fd28f01","Anguilla","AI"
"c00f9d24-e50e-49c3-93a2-4c87a0791837","Cocos (Keeling) Islands","CC"
"c089381e-9fdf-4fd1-8334-f0b995c8bb58","Manila, PH","PH-MNL"
"c0b0b87a-cf95-4317-96b7-510759f9fd6f","Quebec, CA","CA-QC"
"c0d66b11-40c3-4466-a119-cd3555df06dc","Antigua and Barbuda","AG"
"c131393c-0665-404f-98b5-0bb14be01375","Tel Aviv-Yafo, TA, IL","IL-TLV"
"c148e602-e49e-4d13-a3aa-f9ac89660d09","Kansas City, MO, US","US-MKC"
"c164b795-36c1-4d8e-ad37-8cda47e92b4c","Guyana","GY"
"c2654256-4298-484d-b7b9-c8a57a8d154f","Mumbai (ex Bombay), MH, IN","IN-BOM"
"c2766b25-f65f-45dc-ac44-e02e35487dc1","Chengdu, SC, CN","CN-CDU"
"c2d9311c-7066-4889-a5dd-c6447501ef8e","Qingdao, SD, CN","CN-QIN"
"c351fc8a-5877-45c2-9caf-6c51b3c5cc2c","Baton Rouge, LA, US","US-BTR"
"c36464bb-5336-4292-af6c-a0e191fe21b3","Singapore","SG"
"c370f60b-dd32-40d4-a6fe-68a090f8d532","Curaçao","CW"
"c3ae05c6-2a36-4789-9c61-aef751fe4a9d","Belgrade (Beograd), 00, RS","RS-BEG"
"c43a7928-af69-449c-9901-7f50244aab51","South Carolina, US","US-SC"
"c460848b-5470-46da-9fb8-0706d518b0bb","Kuala Lumpur, MY","MY-KUL"
"c4b06990-048b-4f6e-958e-8be55a81cbd5","Harrisburg, PA, US","US-HAR"
"c4cd4fa1-49d4-447d-8b15-b6a0bbc597b8","Zambia","ZM"
"c50540ae-e19c-46e0-a43f-e14931a9aba2","Valdosta, GA, US","US-VLD"
"c52e343f-aad3-43be-bf37-f70c4fa729a2","Cancún, ROO, MX","MX-CUN"
"c54339a4-063b-42c8-805a-9e791387973e","Honolulu, HI, US","US-HNL"
"c59d1228-3154-4f31-9f83-89e559223053","Gilroy, CA, US","US-GIR"
"c5c6297d-5b53-4485-a072-1a783e9ca6ee","Nanning, GX, CN","CN-NIN"
"c6dd35bb-1163-4a20-b8c3-86caaeffe6b0","Brisbane, QLD, AU","AU-BNE"
"c714ba5c-3e43-4131-9996-487b744c993f","Zhengzhou, HA, CN","CN-ZGZ"
"c721a55e-f0cd-4d68-8c5c-7ec64b9aa5f1","Ningxia Huizu Zizhiqu, CN","CN-NX"
"c725304b-e11e-44b0-bfe4-d55d81a92308","Praha, CZ","CZ-PRG"
"c7366a57-2cdf-4def-ab76-78e798b1f7c5","Cameroon","CM"
"c7b80560-f137-47f2-b948-3353986c71e3","Guernsey","GG"
"c83f837c-caed-4b62-b21e-38223b9f8e27","Middenmeer, NH, NL","NL-ZBD"
"c867b496-fa2e-490d-9be5-cdb80615066a","Amman, JO","JO-AMM"
"c8da6f7c-5022-400b-ab83-e1f6d4c3a84b","South Sudan","SS"
"c988ba1f-6ab2-4923-9dee-ed7bb11a9feb","Missoula, MT, US","US-MSO"
"c9b87389-9924-42d7-ad3f-811926c82b79","Hungary","HU"
"c9f4e9f4-21ea-4c1f-be8a-c41a86b549fc","China","CN"
"ca19288c-f244-43eb-8911-513fd588e8a8","Wellington, WGN, NZ","NZ-WLG"
"ca379e35-8b11-4bd1-8618-7a9c60752473","Heard Island and McDonald Islands","HM"
"ca3a1f0b-a748-4aaa-8a05-19e1cef70391","México, MX","MX-MEX"
"ca551ba2-a397-40ca-b2e3-7724a2d926fc","Tasmania, AU","AU-TAS"
"ca659bba-84d4-4c06-8ec6-13310afba3a0","Antarctica","AQ"
"cb41ccd2-1afd-4360-b737-3e46daf218f1","Ghana","GH"
"cbc83c5a-02d3-4abd-a000-47bebc9e1035","Denver, CO, US","US-DEN"
"cbf2a847-8436-42f5-916f-b835a8997d81","American Samoa","AS"
"cc32c679-0874-44ef-8c16-65e369a90374","Netherlands","NL"
"cd8ac11b-81e0-4341-9ae6-f70efbd9c345","Malaysia","MY"
"cd97c39c-d414-4e9c-9858-2c22a3fc96f0","Flint, MI, US","US-FNT"
"cdae6096-9ba9-4b25-896c-a84e0305afaa","Paraguay","PY"
"cddb96f4-95e4-4312-aa95-1d908203e95b","Moldova, Republic of","MD"
"cdf362ad-06a8-42f2-8d47-f266a025cc1b","Monaco","MC"
"ce076ae9-d036-452e-a050-f27423504348","Rapid City, SD, US","US-RAP"
"ce4bc1ba-55e5-4f12-9ee8-0d8498f1e74d","Spain","ES"
"cedd32f8-9c22-48a0-afea-b86e26854352","Slovakia","SK"
"cee32fbd-649f-4817-b66b-560a3d91df7b","Omaha, NE, US","US-OMA"
"cff917f2-c1ad-4095-b4e6-6a7851126c19","Tokelau","TK"
"d0b48ea1-6e2a-4d96-ae73-6a5c83588f6d","Liberia","LR"
"d0c4c53e-3d8b-433a-bcea-61829f22adb1","Micronesia, Federated States of","FM"
"d0ca618e-7ed3-4442-912f-227864b3d531","Shenyang, LN, CN","CN-SHY"
"d0db476e-84bb-4d92-9808-cdce8d3bb203","Charlotte, NC, US","US-CLT"
"d0f48dd0-a09b-4544-ab01-d462e017800e","Holy See (Vatican City State)","VA"
"d10ef157-08cc-44f8-b5d3-90e7d79a6f24","Poland","PL"
"d1ab6c7f-fff0-4f25-9feb-14503d792b24","SERC South, US","US-SRSO"
"d24e6297-dba0-4638-b4a9-18c0e299433c","United States of America (the)","US"
"d2e088e0-08b9-466f-aa0a-1ce663a48256","Hamburg, HH, DE","DE-HAM"
"d387421f-804f-4796-a0d4-a090d98b414c","Madison, WI, US","US-MSN"
"d3b62a41-94b9-495a-b152-30983a6beda8","Santa Rosa, CA, US","US-STS"
"d546572e-ce02-42d9-b150-ecf1355b217c","Hanoi, HN, VN","VN-HAN"
"d54ab0b5-00f5-4255-8ce7-24a902c4c6ff","Greece","GR"
"d5c73f43-7b27-47d4-a4cc-2eb64e508b05","SERC Mississippi Valley, US","US-SRMV"
"d6215196-1b0d-4c4d-b8c8-950017c8ce3e","Cardiff, CRF, GB","GB-CDF"
"d63eb69b-540f-46c2-b0b9-6b49867e2998","Seattle, WA, US","US-SEA"
"d6e16b7e-702f-4541-873d-4d2a2848cd91","Tahiti Fa'a'à, PF","PF-FAA"
"d73a3ce9-3f60-4364-8923-e859c6b01d94","Montserrat","MS"
"d74cff19-2e3b-4be6-a4f0-d43ee2542d2c","South Georgia and the South Sandwich Islands","GS"
"d75341d9-537a-4db0-b7ed-3624cbed7c55","Athens, GA, US","US-AHN"
"d7723783-1c21-49d6-b742-b31c1abba84c","Ningbo, ZJ, CN","CN-NBO"
"d78ec2c3-e301-4752-9b29-0bd60e5a1dd6","Georgia, US","US-GA"
"d81bdcb8-d221-45e2-9b57-0712068394ab","Thailand","TH"
"d896d82d-6311-4def-b76e-a85189bb8bdd","Lima, PE","PE-LIM"
"d89a7e5a-a4a6-40b5-8635-4d64921c6025","SERC Virginia/Carolina, US","US-SRVC"
"d8a3d2fe-0bd1-4e6d-a6b9-c84d8cd451bf","Myanmar","MM"
"d8b05cdb-ae84-4dcb-842c-63b71a63a0e4","WECC Southwest, US","US-AZNM"
"d983708e-c67c-4502-ac94-350b0b2fb439","Istanbul, 34, TR","TR-IST"
"d9e747de-4c06-4170-86a6-a441bb17f314","Maine, US","US-ME"
"d9ed7c84-88c3-434e-aebe-ac91de19be44","Haikou, HI, CN","CN-HKO"
"da30d796-e9e8-4348-9610-51db16779f48","Suzhou, GS, CN","CN-SUZ"
"da6db4df-6e82-42df-ba61-1a0a801d9eae","Melbourne, VIC, AU","AU-MEL"
"da7350e0-c168-4b01-9d16-c8becc4ecc9f","New Zealand","NZ"
"dad297ec-2462-4744-9955-fc15195de234","Bangkok, 10, TH","TH-BKK"
"dc01fc10-f825-4d3c-bc56-3202f3e6c081","Jakarta, Java, JK, ID","ID-JKT"
"dd3a707a-0bdd-46f2-bee3-fa6ec90a511f","Haiti","HT"
"dda87f24-643f-4cbe-80ad-f5c82143cb38","Foshan, GD, CN","CN-FOS"
"dda99595-95c6-460f-81e5-a0157d2a8e8f","Madrid, ES","ES-MAD"
"ddf542c6-2eff-409f-930c-9387fbd47f99","Guinea","GN"
"de20dcf0-8d61-4a9a-ac41-977ab14cc9c1","Guangzhou, GD, CN","CN-GGZ"
"de2c1aa9-f9a5-40e3-87c1-a105c7163b90","Portland, ME, US","US-PWM"
"de6b46fe-bdf6-4407-ba70-45a39e97e213","Saint Kitts and Nevis","KN"
"def5e6f1-2bd6-446c-8588-0a61cc02b468","Ontario, CA","CA-ON"
"df5db754-272f-4faf-9f8d-567b12693f6c","Nuremberg, BY, DE","DE-RGM"
"df89459f-0814-4738-8d74-335b40cc2d47","Amsterdam, NL","NL-AMS"
"dfc37785-4afd-44ab-b3cf-b76817f8b98c","Jiaxing, ZJ, CN","CN-JAX"
"e0037bc3-d487-4e48-a353-222138a57f21","Trinidad and Tobago","TT"
"e004226b-1f04-4eae-ae6f-50b59e0a59a6","Niue","NU"
"e0207e6c-7aa7-4cf7-a4cf-34ffb1cc2c82","South Australia, AU","AU-SA"
"e0b60384-8b9e-4204-bdc3-25ab8ad79139","Saskatoon, SK, CA","CA-SAK"
"e16c5e76-2282-46a8-b80c-d5b856ac2b17","Tunisia","TN"
"e17ba57b-7a98-4421-b713-9b5760bf290d","Sierra Leone","SL"
"e1c770fc-d7ce-40f1-bf5e-d2834b36aa51","Vermont, US","US-VT"
"e1c9d662-e06a-47c4-ba29-cfc1fcff0dc4","Norfolk Island","NF"
"e1e39bcd-841e-4e1b-b11b-06aac19163a7","NPCC Long Island, US","US-NYLI"
"e33e082a-ba14-462f-8f38-5c3c90561ce0","Global","GLOBAL"
"e3616b95-78b2-45c8-8a9f-3cb32adad037","Philippines (the)","PH"
"e37c5c5d-9c03-4833-a40f-2bb71435ecb3","Kuwait, KW","KW-KWI"
"e3c07906-759c-4f05-8da4-af733aa60d41","Bogotá, CUN, CO","CO-BOG"
"e3d18d69-fb68-4a4d-a5f5-811270bf71cc","Djibouti","DJ"
"e401eb92-9c94-4456-a5b7-3dd5f086303a","Norwich, CT, US","US-NOC"
"e49bc5b9-393a-4746-b5ca-e6e9a68d8a70","East China grid, CN","CN-E"
"e4a37f5a-df62-45ce-ba25-3444889fb331","Fresno, CA, US","US-FAT"
"e4c8905e-b794-4689-b237-f4bab7732a81","Romania","RO"
"e4f133db-ec61-4dcb-b966-4d2998709de4","Abilene, TX, US","US-ABI"
"e50268ee-4557-4fa6-8fa0-7eedfba8b51b","Albany, NY, US","US-ALB"
"e53d5f40-6943-40f3-8124-a1509a0cc9f1","HICC Oahu, US","US-HIOA"
"e57a073d-d4f0-422f-a29e-db0770744dfd","Central Asia and Pacific Asia, Oceania, Antarctica","ROW_WA"
"e5a2d364-f7e6-4dd0-99b4-051647d079b7","Northwest Territories, CA","CA-NT"
"e5f3b19f-df7e-42a9-afac-2c3d08c1c26a","Cape Town, WC, ZA","ZA-CPT"
"e6859c75-9797-458a-a28f-31977a69c45a","Brunei Darussalam","BN"
"e6934463-c960-4e92-abc8-2fa9cef3dc98","Korea, Democratic People's Republic of","KP"
"e6a19b36-53cc-4af0-8096-48cf7c5de5ac","Tonga","TO"
"e6bb7175-0f84-4d88-a049-23fcf964ded4","Tri-Cities Regional Airport, TN, US","US-TRI"
"e6f6c438-abd1-4ffb-9040-39c626df69c0","El Paso, TX, US","US-ELP"
"e728763d-40b4-48a7-bc43-26023e4525bf","NPCC NYC/Westchester, US","US-NYCW"
"e743e5f8-dacd-4c7c-9abe-7469df95a965","Modesto, CA, US","US-MOD"
"e76bc8d1-1e7f-4190-a3b0-7fc4be507b70","Panama City, FL, US","US-PFN"
"e7c104a3-66a6-4902-8529-210948f22eed","Mayotte","YT"
"e8e0b6fd-dea3-48b6-997e-f7818ca8b06e","Sebastian, FL, US","US-SZG"
"e9266ff9-a8e2-4297-b855-ad3798edb3e0","Vanuatu","VU"
"e928f7bd-349b-4fe8-9e3f-fa79a9da143c","Gainesville, FL, US","US-GNV"
"e92dcbea-c586-4a6e-ad4c-387a0079c8ed","Northern Mariana Islands (the)","MP"
"e943ec76-6156-4e01-a461-42a936b5c2f2","Ocala, FL, US","US-OCF"
"e96468a1-b0bf-40a9-ba34-2b6eafc5ab89","Burkina Faso","BF"
"e9819fd3-89ab-4314-ab6f-6c7f123c1d55","São Paulo, SP, BR","BR-SAO"
"e9a2987a-feec-4eaa-b0bc-ed8c6489dc80","Louisville, KY, US","US-LUI"
"e9b8d107-46cf-4b85-8bc7-11885626b380","Cleveland, OH, US","US-CLE"
"e9fa02e1-a745-4cba-b03f-ad9f0e40757f","Guinea-Bissau","GW"
"ea05c1a5-8ed5-4f5f-9ece-001d6a62fb45","Las Vegas, NV, US","US-LAS"
"ea1768cd-7348-41b2-ad32-9aa39dbc1682","Hawaii, US","US-HI"
"ea5ea9ce-f88e-4e6c-bb7c-b846dd89c0c6","Qatar","QA"
"ead331c7-2563-4bf5-a14f-abbce9a2fdaa","Central China grid, CN","CN-C"
"eb78d670-50d4-4670-803f-e6fda8dc2451","FRCC All, US","US-FRCC"
"eb7c8520-6945-48ce-bf52-59ab8cdff068","Springfield, IL, US","US-SPI"
"eb90a84e-46d8-4ae3-96ef-a22220ad8749","York, PA, US","US-THV"
"eb94f906-2599-44eb-a3ae-daa5b60a61ac","Provo, UT, US","US-PVU"
"ebd5194d-7ee7-417f-a0f7-34cec8ae7a69","Winchester, VA, US","US-WGO"
"ec84521f-1cc6-442f-b3ef-c9238ad5ef18","China Northwest grid, CN","CN-NW"
"ec88607b-cb0a-4d20-ae63-8afc12b10d08","Arkansas, US","US-AR"
"ecc72f90-d0b7-4cbb-be1c-29ec80a1e75f","Bowling Green, KY, US","US-BWG"
"ed7e5935-495a-4e00-8a77-f93379ab3802","Iraq","IQ"
"edf81b4e-868b-43b7-a23d-7acdd57b726f","Xian, SN, CN","CN-XIA"
"ee0f4b89-c53b-4dbe-b988-0463928b0baf","Cambodia","KH"
"ee333617-d9d3-4ea7-8020-e6c359501c30","Jordan","JO"
"ee532a9d-934b-485d-b1a7-4c734022027c","Utah, US","US-UT"
"ee9ddc82-7bb2-440e-b425-c5a2a52b692f","Langfang, HE, CN","CN-LFZ"
"eeac8035-655d-4346-ab53-e92949050278","Lincoln, NE, US","US-LNK"
"eebc4853-f0c8-474d-8b5b-8aa9e97e551d","Norway","NO"
"eed07008-86f3-4a9b-abad-8e152ad3bc0f","New South Wales, AU","AU-NSW"
"ef9cf080-dc2b-4c8e-a3aa-619309347d4b","London, LND, GB","GB-LON"
"efcb9890-3dac-49f6-b396-e967da885109","New York, NY, US","US-NYC"
"f00af408-e310-43eb-ab44-f1f82963e7e5","Manchester, MAN, GB","GB-MNC"
"f034eb5f-718c-4836-8247-b650e4408951","SPP North, US","US-SPNO"
"f0389c5f-6b2d-4ed2-a0a5-eac88bb03c8a","Tuvalu","TV"
"f058f70a-9d78-4a52-bdc7-f88ba006c20a","Ethiopia","ET"
"f05c7ccb-337a-4480-a51e-73dfd40730f3","Santo Domingo, 01, DO","DO-SDQ"
"f0610bc9-6a64-4427-bd1a-b9c6fe6a2e96","Shreveport, LA, US","US-SHV"
"f0618157-ee80-4d9b-8aec-c7a7eb43e858","San Antonio, TX, US","US-SAT"
"f0776047-c69b-4390-ac0c-42660f5348c9","Faroe Islands","FO"
"f0f990d3-6c30-487f-ada1-3ca3e2169c8d","Solomon Islands","SB"
"f118d478-197d-4795-ba79-f3cec9f13212","Al Manamah, 13, BH","BH-AMH"
"f148694a-1218-42c6-b384-b1d749159112","San Angelo, TX, US","US-SJT"
"f155c04f-5b55-4187-8cc5-96e7dccfa557","SERC Midwest, US","US-SRMW"
"f158ae96-c7b1-4991-a07a-409b5da83796","Virginia, US","US-VA"
"f191c36e-9bf8-4af2-9c19-9c466566f12e","Nicaragua","NI"
"f19e9e79-41e6-4f16-972f-234f2a54968b","Yemen","YE"
"f215f884-dc53-4c1c-a5f1-4b41102e20cc","Argentina","AR"
"f2249a23-703c-4e45-988c-b55de9d553c5","Providence, RI, US","US-PVD"
"f256bc83-e6d1-4349-afc0-bb505c234208","Lafayette, LA, US","US-LFT"
"f2961fef-2a32-4d91-b362-e9ec349a0b87","Turkmenistan","TM"
"f2ae5250-b01e-4ada-9062-6cf7a6a2b21f","Ohio, US","US-OH"
"f2dcf236-5c86-43aa-9c89-b8948f300cd5","West Midlands, BIR, GB","GB-WXT"
"f2f5deeb-8da5-4649-8fff-7c5a7aa4c8a9","Toluca, MEX, MX","MX-TLC"
"f304e094-6e86-4197-ac93-f6c786e9ad55","Kentucky, US","US-KY"
"f31033b2-e652-4d65-896e-04e2d07fb374","Colombia","CO"
"f35a12f5-c91c-4994-8d84-9f2c14d0cdfa","Erie, PA, US","US-ERI"
"f36ba9d2-977c-4dd2-a448-21059ac81cbd","Bahamas","BS"
"f377fc0b-63b6-4dd5-9547-e4e2b57f8614","Indiana, US","US-IN"
"f39fa143-2ebe-42e3-9e95-3c65cbc008bc","Shaoxing, ZJ, CN","CN-SXG"
"f3a77995-362b-4a07-9d18-0a5c3109b8b9","Macon, GA, US","US-MCN"
"f400fee3-65c2-497c-b554-3485e1fc3186","Porec, 18, HR","HR-POR"
"f43ce581-f8bb-4340-83d4-136fb322082e","Luxembourg","LU"
"f449ac74-7e95-4fe6-9cfb-d871f22495ab","Riyadh, 01, SA","SA-RUH"
"f466e558-4e2d-4d06-aaa1-57ba41daea3f","Dresden, SN, DE","DE-DRS"
"f4dab0a4-2047-4d97-9187-4a22f7ed6f6f","Louisiana, US","US-LA"
"f605986c-31b1-4129-a2fc-66b70ccb1575","Liverpool, GB","GB-LIV"
"f62af7f8-b06c-42aa-a90e-014ddf214624","Virginia Beach, VA, US","US-VAB"
"f633f6b1-dc8f-4482-9a63-3f10d5a36ea4","Zurich, ZH, CH","CH-ZRH"
"f64e31aa-3c9d-470c-ae5c-b0c68391818e","Dalian, LN, CN","CN-DAL"
"f68ddad8-7a75-44aa-90e8-0be9c26ed17f","China Northeast grid, CN","CN-NE"
"f6d45d7e-e3ee-44f5-b632-62c70c37b5aa","Saint Pierre and Miquelon","PM"
"f70a659d-e6cb-41af-8026-84dc50e5f86d","Iowa, US","US-IA"
"f72957df-0707-40ea-9b4d-470a48d36430","Ad Dammam, 04, SA","SA-DMM"
"f76e7963-be77-4cba-aa86-2137eed0047c","Kyrgyzstan","KG"
"f7791d51-815d-413d-ac54-46bbf88b6d76","Chad","TD"
"f7955e96-23f2-4b68-b133-94ce59a46a81","Arizona, US","US-AZ"
"f7bbcb3c-a677-44ec-9add-aea4b2fdc226","Penang, MY","MY-NTL"
"f8329868-eeb3-4c75-9891-a3780fbddff3","Tulsa, OK, US","US-TUL"
"f9296466-7f0f-48c5-bbdf-e3d02986f4ee","Medford, OR, US","US-MFR"
"f93249a5-195c-4ebb-80ca-9a1ad85b3515","Yukon, CA","CA-YT"
"f950b4a3-e6ba-4a14-9cec-f5ad02c07863","Naples, FL, US","US-APF"
"f96b90f2-7d93-416e-b956-0162d4ebde12","Denpasar, Bali, BA, ID","ID-DPS"
"f97a76c1-b85f-4540-85b3-81c9ef503b95","Wien, 9, AT","AT-VIE"
"f99855e6-c8e2-4a4f-b05d-b6afeae6fab4","Paris, 75C, FR","FR-PAR"
"f9a47b46-1bd3-48bd-aecc-e661c6ddc70f","Sao Tome and Principe","ST"
"fa01d144-fb61-49b1-a520-943fdf000c57","New Hampshire, US","US-NH"
"fa0a6753-8dfc-46dd-899a-b9cb72d3a6a3","Kelowna, BC, CA","CA-KWL"
"fa38059a-701e-4600-a5cd-151033d2f44a","Appleton, WI, US","US-ATW"
"faee6358-7229-466a-a523-f7fe4e922e23","HICC Miscellaneous, US","US-HIMS"
"faf795db-a5ee-4cdf-8f6f-40dd0b749b30","Bulgaria","BG"
"fafa4982-beec-4d36-83d3-d76ca6f13e85","Ottawa, ON, CA","CA-OTT"
"fb1f2f4d-4324-46a4-9922-a4f911d78fc2","Napa, CA, US","US-APC"
"fba24aea-23e8-40a1-a3ca-abe9f808bd04","Wuxi, JS, CN","CN-WXS"
"fbffd232-1ba6-47e0-8e1a-fa17655bc9a5","Los Cabos, BCS, MX","MX-LCB"
"fc380187-2e4c-4110-af57-9dbf81bf66f4","Sarasota, FL, US","US-ZOR"
"fc40d8c5-92c8-470c-a813-bec0094d7e26","Palm Bay, FL, US","US-PBY"
"fc60b17f-785f-41b4-8139-009441766014","Port Saint Lucie, FL, US","US-PZL"
"fc7cf956-5baa-461c-9b9f-b35e1af2cc57","Middle East, Asia and Egypt","ROW_WM"
"fcf5e13f-87f4-4eff-97ee-99e2d58b13ef","Minneapolis, MN, US","US-MES"
"fd24ae39-8f83-49ad-9651-60dcf2f8583e","Montego Bay, JM","JM-MBJ"
"fe819400-9c50-43cd-984a-09a988da0ac0","Fort Wayne, IN, US","US-FWA"
"fe94dea6-fa3d-4ece-a54b-41d6bc372bfd","Sudan (the)","SD"
"fec1b9f6-4f32-41b3-8ce9-5aa4085ea169","Newfoundland and Labrador, CA","CA-NL"
"fed5cbca-939d-4fa9-9126-b58cae1a30f7","Bridgeport, CT, US","US-BDR"
"ff0187dd-6d6c-465a-8b6e-a81850480813","Xuzhou, JS, CN","CN-XZH"
"ff364b02-4b0f-4d5a-9856-42267c751de8","Latin America except Brazil","ROW_WL"
"ff44b332-85f6-4e27-8533-c53a5964e591","Hainan Sheng, CN","CN-HI"
"ff4df866-2ef9-4f30-8278-a0e33819758f","Blacksburg, VA, US","US-BCB"
"ff656c8a-d10e-40f8-8a6b-0cc64b09bf9c","Columbus, GA, US","US-CSG"
"ff932828-4326-4bb0-8bd1-4314d530347f","Jinan, SD, CN","CN-JNA"
"ffd3e557-a507-41ce-88ca-7461089abbc9","Las Palmas, TF, ES","ES-LPG"